affected,end_date,deaths,lon,damage,lat,start_date
0,08/04/1987,70,69.19851489999999,0,34.53980689999999,08/04/1987
0,27/03/1997,100,67.709953,0,33.93911,27/03/1997
6,05/03/2012,37,77.4237055,0,28.6643487,05/03/2012
32985,27/02/2015,254,70.2135055,3000,34.5858903,15/02/2015
50,21/02/2015,12,75.83255,0,26.92895,21/02/2015
26,11/01/1985,57,19.8812117,0,41.2849868,11/01/1985
696,25/12/1993,15,-0.6414379,0,35.6943605,25/12/1993
0,16/08/1965,45,-60.62551619999999,0,-32.9539718,16/08/1965
12014,/01/1984,30,-58.3625241,0,-34.641707,/01/1984
20000,10/02/2009,4,-63.80768209999999,15000,-22.5162444,09/02/2009
350,25/01/2014,24,-58.5951156,0,-34.6188224,25/01/2014
101,27/09/1996,9,114.9859839,0,-33.865967,27/09/1996
0,31/07/1997,19,147.4739252,0,-42.8966574,31/07/1997
0,/12/1952,28,12.6049021,0,47.2755254,/12/1952
0,11/01/1954,10,9.9857836,0,47.1249352,11/01/1954
380,12/01/1954,200,9.834679699999999,0,47.2233711,12/01/1954
0,/04/1975,15,9.6544315,0,47.42159299999999,/04/1975
0,/02/1982,12,12.6049021,0,47.2755254,/02/1982
10000,24/02/1999,50,10.1603093,41570,46.9671086,24/02/1999
0,28/03/2000,13,12.792734,0,47.3028534,28/03/2000
50,16/08/2008,13,91.8124369,0,22.3950583,16/08/2008
55230,15/06/2010,66,91.9844177,0,21.4160368,14/06/2010
0,04/07/2011,17,91.8124369,0,22.3950583,04/07/2011
1003,18/07/2015,7,91.8191828,0,22.3474227,18/07/2015
0,/03/1956,30,-92.94327229999999,0,40.7394878,/03/1956
0,/03/1956,36,-92.94327229999999,0,40.7394878,/03/1956
4000000,11/01/1966,350,-43.17528840000001,27,-22.9186215,11/01/1966
0,19/03/1967,436,-43.17528840000001,0,-22.9186215,19/03/1967
0,/05/1974,91,-37.6951539,0,-12.0951292,/05/1974
0,23/10/1974,30,-51.136181,0,-29.7216369,23/10/1974
40,/12/1983,13,-92.94327229999999,0,40.7394878,/12/1983
78000,20/05/1989,69,-38.3260615,0,-12.706893,20/05/1989
0,27/04/1989,30,-35.4194892,0,-5.6344226,27/04/1989
0,24/06/1989,31,-53.0767976,0,-25.7567717,24/06/1989
600,18/01/1991,24,-42.55395619999999,0,-19.4595141,10/01/1991
60,20/03/1992,30,-46.5668106,0,-23.5631449,18/03/1992
2000,07/02/1995,42,-46.63330939999999,0,-23.5505199,07/02/1995
0,31/05/1995,86,-38.3260615,0,-12.706893,31/05/1995
4000,20/02/1996,96,-43.17528840000001,0,-22.9186215,20/02/1996
15,21/04/1996,26,-38.3858542,0,-12.9182505,21/04/1996
3090,29/04/1996,49,-34.891534,0,-8.109855999999999,29/04/1996
9,21/05/1999,25,-38.3260615,0,-12.706893,21/05/1999
143000,17/08/2000,60,-46.8959993,75000,-24.2344007,30/07/2000
1500,12/12/2002,74,-44.4845226,11000,-23.0073466,09/12/2002
0,21/12/2002,13,-42.9428586,0,-22.3865028,21/12/2002
5000,10/01/2007,0,-38.56877490000001,0,-3.7258626,10/01/2007
0,27/04/2015,15,-38.3858542,0,-12.9182505,27/04/2015
0,/02/1965,26,-71.62201,0,-33.0519512,/02/1965
0,24/10/1979,30,-71.54888509999999,0,-33.0464455,24/10/1979
30,29/11/1987,32,-70.5554361,0,-33.4517753,29/11/1987
82811,19/06/1991,141,-69.2877535,6000,-23.8369104,19/06/1991
0,23/03/1934,500,-69.5178478,0,44.4780943,23/03/1934
0,/06/1982,75,120.368406,0,36.071405,/06/1982
0,//1982,19,-69.4415812,0,44.53182169999999,//1982
40,28/05/1984,100,121.4299327,0,31.0169756,28/05/1984
0,/02/1985,60,107.891805,0,34.37329709999999,/02/1985
119,01/09/1987,65,104.0831099,0,30.7557697,01/09/1987
51000,10/07/1988,35,104.0831099,0,30.7557697,10/07/1988
1000,15/07/1988,17,118.7574856,0,30.9443224,15/07/1988
5370,06/10/1989,4,120.752858,0,27.968831,06/10/1989
0,23/09/1991,200,100.2653229,0,25.6069511,23/09/1991
0,/07/1993,120,123.007905,0,41.096056,/07/1993
0,/07/1994,48,120.312235,0,36.068854,/07/1994
0,09/10/1995,37,119.987813,0,36.312803,09/10/1995
0,31/05/1996,226,120.312235,0,36.068854,31/05/1996
0,02/12/1996,23,106.6878517,0,26.5564476,02/12/1996
1821,09/06/1997,110,104.0509649,0,30.6353634,09/06/1997
30,15/07/1997,79,120.309272,0,36.069783,15/07/1997
15,26/05/1998,100,121.195844,890000,36.74825999999999,01/05/1998
45,16/06/1999,23,120.309272,0,36.069783,16/06/1999
2000,05/06/2000,71,104.06012,0,30.648676,05/06/2000
27,13/08/2000,14,97.926059,2400,24.706514,13/08/2000
0,01/05/2001,74,123.2805086,0,41.7855064,01/05/2001
10307,02/07/2001,19,122.120469,60000,37.5064558,02/07/2001
308,01/08/2001,34,-69.4415812,0,44.53182169999999,01/08/2001
1000,25/09/2001,11,121.631453,0,31.025473,25/09/2001
10018,28/09/2001,14,121.5910951,0,38.9144337,28/09/2001
0,14/06/2002,10,118.905558,0,32.244875,14/06/2002
0,/08/2002,16,103.1008504,0,25.2623344,/08/2002
0,15/09/2002,22,108.95453,0,34.310505,15/09/2002
0,11/05/2003,35,108.6683515,0,26.9611401,11/05/2003
0,30/08/2003,17,104.1005233,0,30.6310268,26/08/2003
100,05/06/2004,21,116.6520909,0,39.8635075,05/06/2004
0,/07/2006,11,112.5821276,0,37.8943562,/07/2006
1,20/11/2007,33,110.4313947,0,31.1705918,20/11/2007
0,14/03/2008,12,123.4793275,0,41.8620167,14/03/2008
0,13/06/2008,19,111.1357804,0,37.5202187,13/06/2008
35,08/09/2008,277,113.4122607,0,23.1099577,08/09/2008
0,08/07/2008,15,94.9057627,0,36.3882552,08/07/2008
0,05/06/2009,72,107.7735002,0,29.3287623,05/06/2009
10004,23/07/2009,54,121.455301,139000,31.237046,14/07/2009
0,22/07/2009,23,130.9120863,0,45.2145824,22/07/2009
18,06/08/2009,31,102.6465536,0,29.5080597,06/08/2009
0,17/11/2009,23,123.5154083,0,42.0536939,17/11/2009
2100000,03/06/2010,52,108.353838,0,21.635148,30/05/2010
0,28/06/2010,99,108.869702,0,34.24509,28/06/2010
0,27/07/2010,21,102.6465536,0,29.5080597,27/07/2010
47200,08/08/2010,1765,104.252696,759000,33.805707,07/08/2010
500,14/08/2010,32,121.4357646,0,31.3454467,14/08/2010
0,18/08/2010,92,98.7651593,0,27.61578,18/08/2010
0,06/09/2010,48,98.4916272,0,25.0113799,06/09/2010
135,10/03/2010,28,111.2809931,0,30.7215541,10/03/2010
0,09/05/2011,22,104.5116872,0,31.4098848,09/05/2011
2,05/07/2011,18,112.106335,0,34.148851,05/07/2011
0,05/10/2012,19,121.1102936,0,31.4574402,05/10/2012
0,10/07/2013,17,117.265189,0,35.660514,10/07/2013
2,22/04/2013,11,121.465929,0,31.219373,22/04/2013
407,27/08/2014,8,121.3591692,0,31.2103443,27/08/2014
0,14/09/2014,10,107.9940841,0,31.7470143,14/09/2014
300,13/11/2015,38,103.798803,0,25.501564,13/11/2015
237600,11/05/2016,66,117.6561392,820000,26.2880902,04/05/2016
7,01/07/2016,22,118.1559151,0,39.60854399999999,01/07/2016
0,07/07/2016,35,117.1671781,0,39.1357445,07/07/2016
0,05/11/1926,100,-75.67962,0,4.81263,05/11/1926
0,12/07/1954,140,-75.57351899999999,0,6.227289700000001,12/07/1954
0,/12/1954,47,-76.5357219,0,3.2678043,/12/1954
0,27/11/1965,32,-75.5251432,0,5.0836435,27/11/1965
0,/12/1971,200,-76.5357219,0,3.2678043,/12/1971
0,26/01/1972,70,-72.224238,0,7.668762399999999,26/01/1972
0,26/06/1973,16,-75.6413005,0,6.1730924,26/06/1973
0,28/06/1973,200,-74.113787,0,4.611664999999999,28/06/1973
1000,28/06/1974,300,-73.68025999999999,0,4.43086,28/06/1974
0,29/09/1974,90,-75.57351899999999,0,6.227289700000001,29/09/1974
16,02/05/1976,13,-75.03660289999999,0,5.1504191,02/05/1976
100,09/05/1977,0,-75.5251432,0,5.0836435,09/05/1977
0,/01/1982,30,-76.5357219,0,3.2678043,/01/1982
0,/05/1986,26,-76.5357219,0,3.2678043,/05/1986
0,/06/1986,35,-76.5357219,0,3.2678043,/06/1986
0,21/06/1986,200,-76.5357219,0,3.2678043,21/06/1986
6436,27/09/1987,640,-75.5321116,0,6.2314399,27/09/1987
0,16/03/1987,13,-76.5357219,0,3.2678043,16/03/1987
0,07/06/1991,45,-76.1822813,0,4.3380173,03/06/1991
117,07/08/1991,10,-73.2827525,0,10.4839966,07/08/1991
157,28/11/1993,10,-73.86509339999999,0,5.554721499999999,28/11/1993
924,21/12/1993,10,-73.86509339999999,0,5.554721499999999,21/12/1993
0,19/06/1995,17,-75.6338198,0,4.873237,19/06/1995
110,05/05/1996,5,-73.93414109999999,0,5.730718599999999,05/05/1996
0,22/11/1998,104,-114.1812227,0,48.3701982,22/11/1998
3000,09/04/1999,25,-74.2578977,0,11.0084662,09/04/1999
400,25/12/1999,22,-74.82718299999999,0,4.3970793,25/12/1999
32,22/11/2001,80,-75.13315949999999,0,39.9744885,22/11/2001
2000,29/10/2002,70,-74.1081911,0,4.660330399999999,27/10/2002
779,19/03/2003,35,-75.5251432,0,5.0836435,19/03/2003
16,31/05/2008,27,-75.57351899999999,0,6.227289700000001,31/05/2008
593,07/02/2009,0,-74.18241809999999,0,4.5867679,07/02/2009
0,05/12/2010,145,-74.35977179999999,0,4.347235700000001,05/12/2010
175,05/11/2011,40,-75.5251432,0,5.0836435,04/11/2011
348,18/05/2015,93,-74.6622952,0,5.470148399999999,17/05/2015
0,14/02/1931,190,-78.5422198,0,-0.2592624,14/02/1931
0,15/05/1966,50,-78.5018595,0,-0.1918103,15/05/1966
6,09/03/1971,20,-78.5808787,0,-0.2844431,09/03/1971
0,/04/1973,25,-79.7068357,0,0.9009003999999999,/04/1973
0,11/02/1976,60,-80.23009069999999,0,-1.8139849,11/02/1976
0,27/04/1983,100,-79.88579790000001,0,-2.2036911,27/04/1983
75020,03/04/1993,200,-80.2334332,500000,-1.8133855,28/03/1993
0,10/11/1993,10,-79.88579790000001,0,-2.2036911,10/11/1993
205,12/04/2000,14,-78.5808787,0,-0.2844431,12/04/2000
180,14/10/2000,30,-79.9180631,0,-2.1229405,14/10/2000
0,14/06/1988,22,-87.81144739999999,0,13.2973046,14/06/1988
0,15/06/1993,22,-89.28253509999999,0,13.6729464,15/06/1993
29,/12/1994,22,39.5806772,0,11.7720669,/12/1994
0,13/11/1930,40,4.8240999,0,45.7477113,13/11/1930
0,08/05/1932,30,4.8240999,0,45.7477113,08/05/1932
0,01/06/1961,21,-2.3570663,0,47.5772416,01/06/1961
0,16/04/1970,72,6.686347800000001,0,45.92406,16/04/1970
0,05/12/1982,3,6.976547,0,45.445456,05/12/1982
5,09/07/1983,5,3.4282708,0,46.1356154,09/07/1983
0,17/02/1990,14,3.224497,0,50.374735,15/02/1990
21,24/01/1998,9,6.1186792,0,45.4651055,24/01/1998
5,19/04/2000,10,-52.3395325,0,4.8325931,19/04/2000
0,17/04/1987,10,-151.0340929,0,-16.7041642,17/04/1987
500,22/12/1998,0,-149.5782792,0,-17.5634178,22/12/1998
0,26/02/1999,5,-82.9963774,6230,41.5158205,09/01/1999
474,13/09/2002,68,-91.14264879999999,0,14.6335883,13/09/2002
1535,16/06/2005,63,-91.4691454,0,15.3234745,15/06/2005
1000,13/07/2005,7,-90.5154638,0,14.6518608,12/07/2005
0,20/06/2008,27,-90.5154638,0,14.6518608,20/06/2008
50696,04/09/2010,53,-90.8184761,500000,14.659854,04/09/2010
0,22/09/2011,16,-90.5567346,0,14.5912618,20/09/2011
46,07/09/2016,10,-90.5961081,0,14.5431528,06/09/2016
0,22/10/1954,262,-95.1440736,0,29.6444247,22/10/1954
1060,16/10/1989,0,-72.3540644,0,18.5327562,16/10/1989
0,20/09/1973,2800,-87.94679839999999,0,15.575926,20/09/1973
0,//1966,64,114.2099926,0,22.3565893,//1966
107,12/06/1968,22,114.2099926,0,22.3565893,12/06/1968
200,11/06/1979,0,114.2034889,0,22.338455,11/06/1979
2915,28/05/1982,25,114.2089059,0,22.3309943,28/05/1982
65,16/06/1993,1,114.2099926,790,22.3565893,16/06/1993
0,20/12/1974,12,-14.4096409,0,65.2764383,20/12/1974
0,25/01/1983,4,35.1688729,0,31.7571204,25/01/1983
45,16/01/1995,14,-13.705101,2429,65.4026856,16/01/1995
38,26/10/1995,20,-23.5137208,3360,66.0506814,26/10/1995
0,18/09/1948,500,91.8330525,0,26.1583082,18/09/1948
0,/02/1954,30,72.5167045,0,23.0020117,/02/1954
0,/10/1956,27,72.5167045,0,23.0020117,/10/1956
0,/06/1958,52,72.5167045,0,23.0020117,/06/1958
0,01/10/1968,1000,84.0180642,0,27.2590444,01/10/1968
0,05/11/1978,64,82.75635989999999,0,25.6448481,05/11/1978
5000,/03/1979,230,77.1328399,0,32.0627435,/03/1979
112,19/08/1979,42,77.335314,0,28.689047,19/08/1979
0,25/06/1980,150,77.335314,0,28.689047,25/06/1980
0,/09/1983,67,88.59564429999999,0,27.2810009,/09/1983
200,16/11/1986,65,77.341946,0,28.686387,16/11/1986
2500000,/07/1986,88,77.335314,0,28.689047,/07/1986
0,15/03/1988,250,74.82899789999999,0,32.769996,15/03/1988
0,/07/1988,255,77.335314,0,28.689047,/07/1988
0,07/06/1989,41,72.5167045,0,23.0020117,07/06/1989
0,16/09/1990,30,88.59564429999999,0,27.2810009,16/09/1990
0,09/08/1992,60,92.8476415,0,24.6814368,09/08/1992
25,23/09/1993,20,72.8695098,0,19.1765111,23/09/1993
5250,16/01/1995,200,79.0767506,0,21.1092119,16/01/1995
14285,03/06/1995,40,92.7157581,4500,23.7381187,03/06/1995
1100000,12/09/1995,400,94.477401,0,26.94681,12/09/1995
0,30/09/1996,48,77.660417,0,13.002206,30/09/1996
30,09/06/1997,28,88.5473598,0,27.2578734,09/06/1997
2000,06/08/1997,23,88.399445,0,26.943542,06/08/1997
0,05/03/1998,26,76.9513432,0,30.8431882,05/03/1998
150,03/06/1998,48,91.8330525,0,26.1583082,03/06/1998
200000,17/08/1998,239,72.84974989999999,0,19.1238886,17/08/1998
0,19/08/1998,37,79.10782809999999,0,30.5313584,19/08/1998
6,31/03/1998,24,88.59564429999999,0,27.2810009,31/03/1998
0,/06/2000,43,78.7198815,0,28.8283199,/06/2000
7038,12/07/2000,58,72.8926608,0,19.0968674,12/07/2000
0,11/08/2000,86,80.0409178,0,29.7867632,11/08/2000
0,16/07/2001,27,79.03625439999999,0,30.2449254,16/07/2001
0,14/08/2001,16,75.9245376,0,32.4687916,14/08/2001
0,09/11/2001,55,77.19113899999999,0,8.4990765,09/11/2001
20,25/08/2005,12,91.7653347,0,26.1642625,24/08/2005
0,08/08/2009,45,80.0409178,0,29.7867632,08/08/2009
0,03/09/2009,10,77.58566139999999,0,12.9587563,03/09/2009
200,30/07/2014,151,88.41546830000001,0,22.5840276,30/07/2014
9000,29/06/2015,3,81.914063,0,21.125498,02/06/2015
0,03/02/2016,10,74.82899789999999,0,32.769996,03/02/2016
5,22/05/2016,10,79.540976,0,28.9958463,22/05/2016
0,/04/1955,405,99.089536,0,2.928373,/04/1955
6,29/05/1979,23,107.5633857,0,-7.036931699999999,29/05/1979
3010,/12/1980,100,122.0823242,0,-5.486521,/12/1980
6000,06/11/1981,0,110.3806102,0,-7.8136052,06/11/1981
0,10/01/1982,50,99.089536,0,2.928373,10/01/1982
3000,/06/1982,225,106.701571,0,-6.262705,/06/1982
0,//1983,21,99.089536,0,2.928373,//1983
0,06/02/1988,43,112.7462085,0,-7.272727400000001,06/02/1988
11601,16/01/1989,6,100.67703,341,-0.79631,16/01/1989
0,16/01/1991,33,112.7462085,0,-7.272727400000001,16/01/1991
37000,08/10/1992,75,107.0590069,5400,-6.246845,08/10/1992
4,03/10/1996,23,103.9711674,0,1.0538333,03/10/1996
2,07/01/1999,33,115.2325368,0,-8.726152200000001,07/01/1999
0,09/12/1999,56,100.3531245,0,-0.9332473,09/12/1999
0,24/02/2000,34,109.0530209,11600,-6.8731488,22/02/2000
56210,01/11/2000,40,109.0070591,43000,-7.724580100000001,29/10/2000
19,07/11/2000,52,104.8980058,0,-3.987557299999999,05/11/2000
23000,12/02/2001,122,106.3998776,10000,-6.552383799999999,08/02/2001
310,30/10/2001,0,114.0160447,0,4.450856,30/10/2001
600,23/10/2001,0,98.70336429999999,0,3.5712031,23/10/2001
5,11/12/2002,32,112.5160545,0,-7.6408948,11/12/2002
1760,29/01/2003,21,107.7014665,0,-7.1215834,29/01/2003
20,31/01/2003,10,107.523073,0,-6.9706087,31/01/2003
0,18/03/2003,12,119.851656,0,-3.102678,18/03/2003
229548,02/04/2003,76,121.6311621,3961,-8.7927755,31/03/2003
0,30/01/2004,29,104.8980058,3500,-3.987557299999999,23/01/2004
5000,27/03/2004,33,119.8655499,0,-5.2967854,27/03/2004
7,22/04/2004,13,107.61015,0,-6.89103,22/04/2004
11,23/04/2004,44,99.946508,0,0.406318,23/04/2004
0,21/02/2005,143,107.61015,5000,-6.89103,21/02/2005
10,02/09/2005,25,99.93333299999999,0,0.333333,02/09/2005
8313,04/01/2006,156,110.2319719,27000,-6.951040099999999,01/01/2006
3000,27/01/2006,11,107.08382,10943,-6.306845,22/01/2006
0,15/12/2006,17,120.225308,0,-4.2511188,15/12/2006
0,09/01/2007,11,100.2859913,0,-0.5979863,09/01/2007
3990,14/01/2007,32,125.4905162,0,3.6155019,12/01/2007
0,05/05/2008,21,112.609894,0,-7.971181,05/05/2008
0,08/11/2009,14,114.5914455,0,-3.308843,08/11/2009
18,12/10/2010,13,119.8815445,0,-0.92405,12/10/2010
4,06/05/2011,19,106.8402093,0,-6.2043382,06/05/2011
0,30/11/2011,34,97.5220167,0,1.2136186,30/11/2011
215,27/05/2012,20,128.1920391,0,-3.6938659,24/05/2012
3,27/01/2013,21,123.05042,0,0.5539229999999999,25/01/2013
0,25/03/2013,13,107.457825,0,-6.950647000000001,25/03/2013
0,28/01/2014,19,112.2383979,0,-7.592911999999999,28/01/2014
3900,20/12/2014,108,109.3557649,0,-0.0323079,12/12/2014
0,06/05/2015,13,106.5995542,0,-6.2081444,06/05/2015
105,03/12/2015,20,104.7572132,0,-2.9691116,03/12/2015
0,15/05/2016,15,98.69073,0,3.58113,15/05/2016
0,21/06/2016,62,109.6526784,25000,-7.397917599999999,17/06/2016
100,27/01/1970,43,51.43510389999999,0,35.75888279999999,27/01/1970
13,30/12/1970,20,35.37663,0,30.933171,30/12/1970
0,11/02/1922,100,15.0728582,0,37.5758123,11/02/1922
0,/11/1948,25,11.1925148,0,43.7928456,/11/1948
5466,25/10/1954,297,15.2322567,0,40.11086359999999,25/10/1954
0,17/09/1960,12,9.2385859,0,46.0224585,17/09/1960
0,09/10/1963,1917,12.3292696,0,46.2672765,09/10/1963
0,/04/1975,12,12.1714368,0,45.6051302,/04/1975
4000,14/12/1982,0,13.56727,700000,43.544303,14/12/1982
0,22/05/1983,0,9.441346099999999,0,45.6121478,22/05/1983
3189,28/07/1987,44,10.14614,625000,46.15334199999999,28/07/1987
3000,17/07/1987,13,9.6190389,0,46.1385629,17/07/1987
3682,07/05/1998,160,13.8872129,28700,41.1888254,01/05/1998
0,28/02/1999,1,11.1925148,5510,43.7928456,09/01/1999
159,30/04/2006,4,13.942844,0,40.7429732,30/04/2006
1,22/11/2011,3,14.7861923,0,40.9185215,22/11/2011
0,04/11/1909,53,-71.1148461,0,42.3104164,04/11/1909
0,01/09/1923,200,139.1375098,0,35.2025274,01/09/1923
0,/04/1955,73,139.8421525,0,35.8190837,/04/1955
0,/02/1956,40,139.8421525,0,35.8190837,/02/1956
0,18/07/1964,108,139.6319995,0,35.6006262,18/07/1964
0,05/07/1972,80,140.5694917,0,39.3308958,05/07/1972
0,16/04/1974,17,135.995926,0,35.051152,16/04/1974
0,/08/1975,30,139.8421525,0,35.8190837,/08/1975
0,//1981,40,139.8421525,0,35.8190837,//1981
0,//1983,70,139.8421525,0,35.8190837,//1983
0,//1984,14,139.8421525,0,35.8190837,//1984
0,10/07/1986,20,139.8421525,0,35.8190837,10/07/1986
0,26/01/1986,13,138.4942918,0,36.3105537,26/01/1986
0,//1989,18,139.8421525,0,35.8190837,//1989
35,07/07/1993,27,130.5500087,0,31.5705398,07/07/1993
35,06/08/1993,56,130.5500087,210000,31.5705398,06/08/1993
3,06/12/1996,14,35.873937,0,31.958659,06/12/1996
15,10/07/1997,21,133.4623383,0,33.5932778,10/07/1997
130,12/08/1998,0,136.7575569,0,35.418635,12/08/1998
400,20/07/2009,16,131.4727216,0,34.1762073,20/07/2009
0,27/07/2009,28,130.3990407,0,33.5896991,26/07/2009
0,14/03/2004,48,77.0636419,0,43.4041885,14/03/2004
0,30/04/2002,16,36.8193009,0,-1.2830188,30/04/2002
0,/03/1956,103,-118.3049844,0,34.0612439,/03/1956
0,24/06/1963,116,-118.3049844,0,34.0612439,24/06/1963
0,04/07/1981,0,-118.3049844,0,34.0612439,04/07/1981
4000,07/07/1984,47,-118.3049844,40000,34.0612439,07/07/1984
0,/07/1988,25,-118.3049844,0,34.0612439,/07/1988
58500,14/04/1994,111,72.7608348,36000,40.5212528,14/04/1994
1002,02/05/2002,0,74.4844231,1500,42.86586740000001,02/05/2002
96,26/04/2004,33,73.44383959999999,0,40.3112925,26/04/2004
8350,03/06/2010,0,73.004921,0,40.928878,03/06/2010
23,30/06/1995,20,101.7951122,0,3.4241392,30/06/1995
262,30/08/1996,50,101.2333219,0,4.3656413,30/08/1996
0,31/01/2002,10,110.7491764,0,1.3971025,31/01/2002
6,21/05/2011,16,101.7678941,0,2.9418035,21/05/2011
0,19/10/1969,18,-99.1562704,0,19.4247265,19/10/1969
0,26/06/1997,12,-96.84494199999999,0,18.129872,26/06/1997
120,28/09/1998,12,-98.96373949999999,0,18.7287634,28/09/1998
200,18/07/2003,10,-96.7661557,0,18.3568913,17/07/2003
0,02/08/2006,11,-96.7661557,0,18.3568913,02/08/2006
0,06/09/2006,10,-99.11091549999999,0,19.4987229,06/09/2006
0,06/11/2007,16,-99.1302156,0,19.2893402,06/11/2007
0,18/09/2008,22,-96.8450254,0,18.13025,17/09/2008
0,21/09/2010,27,-99.0399613,0,19.3928292,21/09/2010
0,29/09/2010,44,-96.0631798,0,17.0975988,28/09/2010
12216,/04/1982,1,-5.014298,0,33.9983726,/04/1982
2500,21/01/1998,87,35.2968943,0,-16.2363695,21/01/1998
16,15/09/2005,17,98.77632829999999,0,12.4519166,14/09/2005
145000,17/06/2010,68,92.36902239999999,0,20.8241071,17/06/2010
0,27/09/1970,21,83.6068559,0,28.6336535,27/09/1970
0,07/08/1972,105,-97.46572599999999,0,25.8338959,07/08/1972
75000,/08/1975,125,85.32440249999999,0,27.6843851,/08/1975
0,//1983,21,-97.46572599999999,0,25.8338959,//1983
0,20/09/1988,106,83.56498359999999,0,28.3422221,20/09/1988
0,12/09/1989,49,81.19867239999999,0,29.5506084,12/09/1989
200,08/07/1993,28,86.5034509,0,27.2830436,08/07/1993
534,10/06/1995,85,83.6463404,0,28.2324054,10/06/1995
0,11/11/1995,95,85.355958,0,27.720156,11/11/1995
21019,/06/2001,144,87.3071385,0,27.2370608,/06/2001
265865,15/08/2002,472,85.32440249999999,0,27.6843851,15/07/2002
0,20/10/2005,18,83.9875977,0,28.2189896,20/10/2005
80000,13/09/2006,147,83.4534599,0,27.5062584,26/08/2006
0,20/07/2011,13,85.6514096,0,27.550647,20/07/2011
0,23/09/2012,11,83.9875977,0,28.2189896,23/09/2012
0,18/04/2014,16,86.86201940000001,0,26.5246141,18/04/2014
476,02/08/2014,156,84.2591393,15000,27.1944828,02/08/2014
18,11/06/2015,36,87.9334803,0,27.6281668,06/06/2015
18,/08/2015,29,83.9414048,0,28.3083621,29/07/2015
600,06/08/1979,0,176.5758602,2466,-39.9440129,06/08/1979
1500,/12/1988,0,6.8070927,0,6.152307,/12/1988
0,20/12/2000,15,4.629449800000001,0,7.5869747,20/12/2000
0,//1936,73,6.0244013,0,59.028812,//1936
0,16/12/1959,48,71.83702470000001,0,35.3165434,16/12/1959
0,18/04/1983,0,-82.0140553,0,27.9938866,18/04/1983
0,06/02/1991,25,73.084429,0,33.7371879,06/02/1991
200,01/04/1992,55,74.192985,0,34.793063,29/03/1992
5,24/03/1993,22,74.3855172,0,31.4642425,24/03/1993
0,16/03/1996,44,74.35032660000002,0,34.80822819999999,16/03/1996
3000,13/03/1998,13,74.8532706,0,32.7279645,13/03/1998
0,10/07/2001,15,74.3929714,0,34.8620465,10/07/2001
12,/07/2001,16,67.07515289999999,0,24.802052,/07/2001
3,02/04/2007,43,71.79940859999999,0,35.8686776,30/03/2007
0,21/03/1971,100,141.6404629,0,-5.1273589,21/03/1971
0,18/11/1979,13,145.3919442,0,-6.1100067,18/11/1979
5000,24/02/1991,200,145.027298,0,-5.925642,24/02/1991
600,01/08/2003,0,152.4390364,0,-3.6703968,01/08/2003
0,/12/1941,5000,-77.5230093,0,-9.5395626,/12/1941
0,/10/1950,130,-74.9375742,0,-14.833938,/10/1950
0,/03/1962,41,-74.9375742,0,-14.833938,/03/1962
0,18/03/1971,600,-70.6463886,0,-33.5359567,18/03/1971
0,25/04/1973,500,-71.5553939,0,-16.4398285,25/04/1973
0,31/12/1981,70,-79.189785,0,-7.7421694,31/12/1981
30000,28/03/1982,200,-71.9847338,0,-13.5349436,28/03/1982
700000,/01/1983,364,-80.7078034,988800,-5.164174699999999,/01/1983
0,/03/1983,232,-74.9375742,0,-14.833938,/03/1983
0,/03/1984,7,-76.9124652,3000,-12.2391764,/03/1984
4000,07/04/1985,150,-77.06914479999999,0,-11.977364,07/04/1985
366,09/03/1986,40,-74.9375742,0,-14.833938,09/03/1986
385,09/01/1987,25,-74.35204019999999,0,-13.5850309,09/01/1987
6025,03/02/1988,80,-75.1564964,0,-15.3711739,03/02/1988
0,27/02/1990,33,-80.6987225,0,-5.1672198,27/02/1990
0,07/01/1995,20,-71.5696524,0,-16.3975961,07/01/1995
30000,20/02/1997,300,-71.9847338,0,-13.5349436,20/02/1997
2600,14/01/1998,14,-75.1842202,0,-14.5320105,14/01/1998
7,29/01/1998,31,-76.2463966,0,-13.8337801,29/01/1998
76,10/04/2004,11,-72.5449629,0,-13.1631412,10/04/2004
0,16/04/2009,20,-71.96208680000001,0,-13.5217145,12/04/2009
1153,16/12/2009,59,-74.2177519,0,-13.1883018,16/12/2009
1054,06/04/2010,68,-75.2073736,0,-12.0710847,01/04/2010
0,17/10/2012,22,-78.8198245,0,-6.381903200000001,17/10/2012
0,/01/1960,40,121.0470121,0,14.5509577,/01/1960
0,/10/1981,200,121.0470121,0,14.5509577,/10/1981
0,//1989,72,121.0470121,0,14.5509577,//1989
0,17/09/1996,12,121.0313899,0,14.7558967,17/09/1996
0,/04/1999,19,121.1710815,0,14.6256565,/04/1999
0,04/08/1999,58,121.0469028,0,14.5506214,04/08/1999
2838,10/07/2000,287,121.0470121,0,14.5509577,10/07/2000
0,//1981,26,-66.6133213,0,18.4338406,//1981
0,/10/1985,100,-66.6133213,0,18.4338406,/10/1985
330,/03/1999,0,26.7016107,0,48.2405023,/03/1999
300,29/12/1996,0,44.53586,0,40.1600172,29/12/1996
5937,31/03/2010,14,30.4109083,0,-1.7279379,26/03/2010
2000,08/05/2016,49,30.0737935,0,-1.5834172,07/05/2016
175,/10/1996,0,-78.7396498,0,42.9114434,/10/1996
5,09/08/2010,16,-13.2591785,0,8.4788555,09/08/2010
0,28/11/1996,34,24.7873342,0,-28.7095393,28/11/1996
0,20/04/1989,52,47.5043568,423000,42.9821858,10/03/1989
129,09/08/1996,84,-0.3467971,20000,42.5488989,07/08/1996
0,/07/1974,27,79.8563147,0,6.881868799999999,/07/1974
0,/10/1977,27,79.8563147,0,6.881868799999999,/10/1977
400,02/10/2014,7,80.0640236,0,6.2421922,02/10/2014
50,30/11/1977,13,11.8235853,11000,58.07319459999999,30/11/1977
0,/02/1951,92,8.5632071,20000,46.6168771,/02/1951
0,30/08/1965,90,7.929135,0,46.109198,30/08/1965
22,28/01/1968,20,9.1716687,0,47.6442488,28/01/1968
48,24/02/1970,30,8.247508,0,46.469308,24/02/1970
0,/04/1975,13,9.1716687,0,47.6442488,/04/1975
2000,//1988,0,8.5632071,0,46.6168771,//1988
0,21/02/1999,30,7.471804300000001,685000,46.0254085,21/02/1999
50,31/08/2002,3,9.585803,0,47.460123,31/08/2002
231,14/11/2002,1,9.2826936,180000,46.8313308,14/11/2002
23,02/10/2002,80,37.14379770000001,0,36.2146619,02/10/2002
75357,08/05/1993,5,68.7443749,149000,38.5803843,07/05/1993
165,20/05/2001,1,68.7443749,600,38.5803843,20/05/2001
6000,25/04/2003,1,68.7443749,41000,38.5803843,13/04/2003
10000,02/08/1994,9,99.1325124,0,16.8708132,02/08/1994
33000,03/09/2002,35,98.31536299999999,0,17.142636,03/09/2002
0,12/09/1976,40,37.8876856,0,40.9831783,12/09/1976
0,/02/1976,27,-100.9197982,0,34.3275516,/02/1976
620,23/06/1988,64,32.9226369,0,39.9568732,23/06/1988
12046,13/07/1995,74,33.7685389,26000,41.364266,10/07/1995
600,10/11/2001,9,41.042782,0,41.100411,10/11/2001
9,17/03/2005,15,31.9935571,0,36.552877,17/03/2005
6,25/01/2009,11,32.850681,0,39.920267,25/01/2009
0,22/11/2009,4,39.7563272,0,40.9991418,21/11/2009
206,27/08/2010,13,34.0305521,0,38.3752886,27/08/2010
0,28/01/2013,7,42.469942,0,37.24941099999999,28/01/2013
0,23/11/1997,20,34.2844248,0,0.9328525,23/11/1997
3366,03/11/2001,11,32.615756,0,0.3481094,03/11/2001
3432,24/06/2012,18,39.27240490000001,0,-6.7638343,24/06/2012
0,02/03/1938,200,-85.6670739,0,42.91308919999999,02/03/1938
0,//1972,400,-80.7250597,0,40.0528585,//1972
125,20/02/1994,0,-118.4571348,0,34.0203058,20/02/1994
15,26/12/2003,15,-117.2850856,0,34.1423904,25/12/2003
3000,//1988,1,168.2857847,0,-17.7827712,//1988
0,/05/1962,30,35.90045,0,31.943316,/05/1962
4000,/04/1981,20,-66.89655130000001,0,10.504936,/04/1981
38000,25/07/1992,200,105.2004574,0,21.8204802,25/07/1992
1034,31/07/1994,21,103.4834846,2300,22.3857043,15/07/1994
17,03/10/2000,40,103.4198736,0,22.1544032,03/10/2000
0,13/09/2004,23,103.8862926,0,22.5436383,13/09/2004
1,06/11/2009,13,108.1534289,0,15.3399437,06/11/2009
